date,sentiment_score
2024-11-13,0.1
2024-11-08,0.225
2024-11-05,0.00888889
2024-11-06,0.0111111
2024-11-06,0.1
2024-11-13,0.0
2024-10-23,0.0
2024-11-11,0.05
2024-10-25,0.0
2024-11-06,0.0166667
2024-10-24,0.00142857
2024-10-27,0.136364
2024-10-27,0.0
2024-11-18,0.321591
2024-10-26,0.2
2024-11-14,0.6
2024-10-31,0.35
2024-10-26,0.0
2024-11-11,0.0
2024-11-12,0.0681818
2024-11-19,0.0444444
2024-10-27,0.131545
2024-11-11,0.0956366
2024-10-24,0.142487
2024-10-31,0.173942
2024-10-24,0.142604
2024-11-06,0.177055
2024-11-13,0.105892
2024-11-01,0.212931
2024-11-18,-0.16
2024-11-18,-0.2
2024-11-14,0.162249
2024-10-27,0.181643
2024-11-18,-0.18
2024-10-29,0.124212
2024-10-28,0.106857
2024-10-25,0.104754
2024-10-24,0.102141
2024-10-23,0.0993232
2024-10-29,0.106773
2024-11-04,0.047619
2024-10-30,0.108379
2024-10-24,0.138466
2024-10-29,0.13063
2024-10-28,0.155237
2024-10-24,0.10587
2024-11-18,0.0630732
2024-11-12,-0.588571
2024-11-06,0.118494
2024-10-24,0.132093
2024-10-24,0.13736
2024-11-07,0.117464
2024-10-24,0.126204
2024-11-08,0.203071
2024-11-07,0.144164
2024-11-05,0.125376
2024-11-02,0.150019
2024-11-01,0.127309
2024-11-15,0.105831
2024-11-13,0.124369
2024-11-11,0.00657152
2024-11-11,0.00893324
2024-10-28,0.152126
2024-11-11,0.0090935
2024-11-09,0.118064
2024-11-08,0.0498557
2024-10-24,0.0989654
2024-11-13,0.103353
2024-11-08,0.18
2024-11-07,0.102176
2024-11-06,0.103017
2024-11-02,0.35
2024-10-24,0.131373
2024-11-05,-0.1125
2024-11-18,0.107875
2024-11-14,0.106973
2024-11-02,0.0984555
2024-11-01,0.182542
2024-11-01,0.0793037
2024-11-07,0.108635
2024-11-07,0.0994874
2024-10-25,0.2
2024-11-04,0.141824
2024-10-24,0.125
2024-11-08,0.121114
2024-11-01,0.177561
2024-10-29,-0.00659341
2024-10-28,0.0875
2024-10-24,0.125712
2024-11-17,0.112121
2024-10-25,0.156818
2024-10-24,0.0671495
2024-10-23,0.269618
2024-11-15,0.118849
2024-11-14,0.113437
2024-11-14,0.119543
2024-10-25,0.103612
2024-10-24,0.121283
2024-10-23,0.0561814
2024-11-14,0.115069
2024-11-14,0.115903
2024-11-14,0.125134
2024-11-14,0.119247
2024-11-13,0.248333
2024-11-06,0.124379
2024-10-31,0.0630623
2024-10-28,0.127403
2024-10-24,0.0971754
2024-10-24,0.188636
2024-11-14,0.122224
2024-11-12,0.0826839
2024-10-30,0.327564
2024-10-30,0.0960142
2024-10-24,0.144553
2024-10-24,0.24
2024-11-16,0.0981814
2024-11-16,0.11836
2024-11-15,0.107156
2024-11-15,0.10914
2024-11-14,0.175
2024-11-12,0.2
2024-11-12,0.131716
2024-11-08,0.127123
2024-11-08,0.191178
2024-11-06,0.0479167
2024-11-04,0.130581
2024-10-24,0.123427
2024-11-18,0.129626
2024-11-17,0.0649371
2024-11-15,0.0649371
2024-11-15,0.0680661
2024-11-15,0.122624
2024-11-15,0.116978
2024-11-15,0.114932
2024-11-15,0.117268
2024-11-14,0.171797
2024-11-14,0.102092
2024-11-13,0.103797
2024-11-01,0.102359
2024-10-27,0.136369
2024-10-24,0.0894483
2024-10-24,0.0
2024-10-24,0.0348864
2024-10-24,0.0654798
2024-10-23,0.133433
2024-11-17,0.0839277
2024-11-13,0.097799
2024-11-12,0.0846308
2024-11-10,0.113855
2024-11-10,0.185714
2024-11-07,0.0681646
2024-11-06,0.175
2024-11-04,0.16722
2024-11-01,0.189719
2024-10-31,0.0577558
2024-10-30,0.0775185
2024-10-29,0.118928
2024-10-29,0.0982267
2024-10-28,0.144886
2024-10-28,0.35
2024-10-28,0.0194805
2024-10-28,0.175
2024-10-28,0.025
2024-10-28,0.5
2024-10-28,0.0319805
2024-10-28,0.0
2024-10-26,0.144903
2024-10-24,-0.0802381
2024-10-23,0.0873188
2024-11-18,0.0948466
2024-11-18,0.0985602
2024-11-17,0.0972881
2024-11-17,0.0340909
2024-11-15,0.105199
2024-11-15,0.118859
2024-11-14,0.154567
2024-11-12,0.0773577
2024-11-11,0.0917965
2024-11-11,0.0618199
2024-11-11,0.061736
2024-11-09,0.0618036
2024-11-09,0.0795747
2024-11-08,0.177796
2024-11-19,0.22325
2024-11-22,0.145071
2024-11-22,0.144454
2024-11-22,0.14376
2024-11-20,0.102152
2024-11-22,0.112938
2024-11-22,-0.0793651
2024-11-21,0.230549
2024-11-22,0.0156566
2024-11-22,0.123997
2024-11-21,0.123997
2024-11-21,0.125497
2024-11-19,0.0618999
2024-11-22,0.152196
2024-11-19,0.238889
2024-11-21,0.19455
2024-11-20,0.108046
2024-11-20,0.0
2024-11-21,-0.240741
2024-11-20,0.0927745
2024-11-19,0.12056
2024-11-21,0.078054
2024-11-20,0.15383
2024-11-20,0.0949084
2024-11-19,0.102856
2024-11-23,0.0864886
2024-11-21,0.0789111
2024-11-21,0.097545
2024-11-21,0.0798166
2024-11-21,0.104567
2024-11-21,0.08971
2024-11-19,0.0856183
2024-11-19,0.134044
2024-11-19,0.068119
2024-11-18,0.0721359
2024-11-18,0.0912899
2024-11-22,0.0879268
2024-11-21,0.0666255
2024-11-20,0.0832247
2024-11-20,0.0656584
2024-11-20,0.0987392
2024-11-20,0.0780225
2024-11-20,-0.2
2024-11-19,0.098281
2024-11-19,-0.2
2024-11-19,0.0714886
2024-11-19,0.108089
2024-11-18,0.0850539
2024-11-23,0.0982374
2024-11-23,0.108458
2024-11-21,0.0817254
2024-11-21,0.0837092
2024-11-21,0.0902902
2024-11-21,0.072921
2024-11-21,0.101296
2024-11-21,0.205531
2024-11-20,0.0907018
2024-11-20,0.0963847
2024-11-20,0.109378
2024-11-19,0.0738164
2024-11-19,0.142906
2024-11-19,0.0467119
2024-11-19,0.0856007
2024-11-19,0.0763203
2024-11-19,0.0849488
2024-11-18,0.185258
2024-11-18,0.0727293
2024-11-18,0.0821434
2024-11-18,0.125416
2024-11-18,-0.03125
2024-11-23,0.0761966
2024-11-23,0.0966889
2024-11-23,0.0687568
2024-11-22,0.1
2024-11-22,0.104349
2024-11-22,0.0688791
2024-11-22,0.0932796
2024-11-21,0.0717823
2024-11-21,0.2
2024-11-21,-0.0296296
2024-11-20,-0.0296296
2024-11-20,0.0859684
2024-11-20,0.0707505
2024-11-20,0.0982211
2024-11-19,0.0971156
2024-11-19,0.10769
2024-11-19,0.0816332
2024-11-18,0.154493
2024-11-18,0.0864944
2024-11-18,0.0607135
2024-11-23,0.124453
2024-11-22,-0.1325
2024-11-21,0.0900032
2024-11-21,0.0747931
2024-11-21,0.0960044
2024-11-20,0.0831073
2024-11-19,0.09751
2024-11-18,0.0570939
2024-11-18,0.0833032
2024-11-23,0.072056
2024-11-22,0.0655733
2024-11-22,0.110925
2024-11-22,-0.3
2024-11-22,0.0692794
2024-11-21,0.249926
2024-11-21,0.0573507
2024-11-21,0.0533911
2024-11-20,0.166815
2024-11-20,-0.00906085
2024-11-19,0.15
2024-11-18,0.158583
2024-11-23,0.113989
2024-11-22,0.109728
2024-11-22,0.0773939
2024-11-22,-0.166667
2024-11-22,0.245672
2024-11-22,0.0785937
2024-11-22,0.0791576
2024-11-21,0.147346
2024-11-21,0.0785937
2024-11-21,-0.4
2024-11-20,0.0292088
2024-11-20,0.0252484
2024-11-20,0.113533
2024-11-19,0.0822522
2024-11-19,0.178271
2024-11-19,0.0
2024-11-19,0.125633
2024-11-18,0.113089
2024-11-23,0.229451
2024-11-23,-0.3
2024-11-23,0.0
2024-11-22,0.144363
2024-11-22,-0.0363636
2024-11-21,0.0
2024-11-21,0.123203
2024-11-21,0.160825
2024-11-20,0.133341
2024-11-20,0.103931
2024-11-20,0.126307
2024-11-19,0.105967
2024-11-19,0.120606
2024-11-19,0.015002
2024-11-18,0.110692
2024-11-18,0.155081
2024-11-22,0.0839859
2024-11-22,0.102918
2024-11-21,0.0324346
2024-11-21,0.234037
2024-11-21,0.146634
2024-11-21,0.146612
2024-11-20,0.0604938
2024-11-20,0.108279
2024-11-20,0.0448062
2024-11-18,0.0711695
2024-11-18,0.0955932
2024-11-18,0.0385669
2024-11-22,0.2
2024-11-22,0.160714
2024-11-22,0.0822479
2024-11-21,0.0676279
2024-11-20,0.145114
2024-11-20,0.0925767
2024-11-20,-0.55
2024-11-24,0.136364
2024-11-24,0.174242
2024-11-24,0.0
2024-11-24,-0.125
2024-11-24,0.0162974
2024-11-24,0.08
2024-11-24,0.1625
2024-11-24,0.216845
2024-11-24,-0.071875
2024-11-24,0.16
2024-11-24,0.318182
2024-11-24,0.1
2024-11-24,0.258333
2024-11-24,-0.00357143
2024-11-24,0.225
2024-11-24,0.6
2024-11-24,0.0781746
2024-11-24,-0.0197514
2024-11-24,-0.340909
2024-11-24,0.0952381
2024-11-24,0.0975309
2024-11-24,1.0
2024-11-24,0.15
2024-11-24,0.133333
2024-11-24,-0.0125
2024-11-24,-0.00380592
2024-11-24,0.297917
2024-11-24,0.255682
2024-11-24,0.321591
2024-11-24,0.0940536
2024-11-24,-0.1
2024-11-24,0.231254
2024-11-24,-0.07
2024-11-24,0.17776
2024-11-24,0.0541667
2024-11-24,0.241818
2024-11-24,0.234773
2024-11-24,0.0327381
2024-11-24,0.0324675
2024-11-24,0.0206349
2024-11-24,0.24806
2024-11-24,0.161467
2024-11-24,-0.0833333
2024-11-24,0.0481692
2024-11-24,0.0525482
2024-11-24,0.0884351
2024-11-24,0.275
2024-11-24,0.105667
2024-11-24,0.115625
2024-11-24,0.0190476
2024-11-24,0.196429
2024-11-24,0.2
2024-11-24,0.0357955
2024-11-24,0.166667
2024-11-24,0.2872
2024-11-24,0.375
2024-11-24,0.129098
2024-11-24,0.217857
2024-11-24,0.0229167
2024-11-24,0.0337585
2024-11-24,0.0836777
2024-11-24,0.211163
2024-11-24,0.298148
2024-11-24,0.214
2024-11-24,0.035776
2024-11-24,0.149026
2024-11-24,0.163889
2024-11-24,-0.0142857
2024-11-24,-0.25
2024-11-24,-0.055
2024-11-24,0.0447027
2024-11-24,0.03125
2024-11-24,0.0589286
2024-11-24,0.2875
2024-11-24,0.135065
2024-11-24,0.0840909
2024-11-24,-1.0
2024-11-24,0.0625
2024-11-24,-0.123633
2024-11-24,0.202273
2024-11-24,0.08125
2024-11-24,0.144389
2024-11-24,0.0762821
2024-11-24,0.0557338
2024-11-24,-0.1875
2024-11-24,-0.0628865
2024-11-24,0.143824
2024-11-24,-0.116667
2024-11-24,-0.05
2024-11-24,-0.0306818
2024-11-24,0.0886364
2024-11-24,0.0565151
2024-11-24,0.296795
2024-11-24,0.162397
2024-11-24,0.17
2024-11-24,0.268182
2024-11-23,0.4
2024-11-22,0.0
2024-11-21,-0.1
2024-11-21,0.191667
2024-11-20,0.05
2024-11-20,-0.6
2024-11-20,-0.125
2024-11-20,0.2
2024-11-20,-0.1
2024-11-19,0.0353571
2024-11-19,0.234848
2024-11-19,-0.00340909
2024-11-19,0.3375
2024-11-19,0.5
2024-11-19,-0.0975694
2024-11-19,0.45
2024-11-19,0.3
2024-11-19,0.25
2024-11-19,-0.0833333
2024-11-19,-0.025
2024-11-19,0.2
2024-11-19,0.267677
2024-11-19,0.464286
2024-11-19,-0.05
2024-11-19,0.368182
2024-11-19,0.178788
2024-11-19,-0.161111
2024-11-18,0.100613
2024-11-18,0.0
2024-11-18,-0.8
2024-11-18,-0.0383333
2024-11-18,0.45
2024-11-18,-0.115625
2024-11-18,0.0136364
2024-11-18,0.456566
2024-11-18,0.3
2024-11-18,0.8
2024-11-18,0.1
2024-11-18,-0.05
2024-11-18,-0.5
2024-11-18,-0.233333
2024-11-18,1.0
2024-11-18,0.91
2024-11-18,0.35
2024-11-24,-0.00909091
2024-11-24,0.248611
2024-11-24,0.188339
2024-11-24,-0.0170635
2024-11-24,0.416667
2024-11-24,0.214286
2024-11-24,0.256548
2024-11-24,-0.06
2024-11-24,0.0312799
2024-11-24,0.191667
2024-11-24,-0.0151515
2024-11-24,0.0192857
2024-11-24,0.05
2024-11-24,0.113889
2024-11-24,0.0472727
2024-11-24,0.25
2024-11-24,0.21619
2024-11-24,0.446591
2024-11-24,-0.0138889
2024-11-24,0.0733856
2024-11-24,0.0335556
2024-11-24,0.159091
2024-11-24,0.8
2024-11-24,0.0990385
2024-11-24,0.021875
2024-11-24,-0.0403082
2024-11-24,0.181944
2024-11-24,0.0477273
2024-11-23,0.00952381
2024-11-23,0.0856493
2024-11-23,0.120833
2024-11-23,0.0833333
2024-11-23,0.0888889
2024-11-23,0.0426282
2024-11-23,-0.0447917
2024-11-23,0.31131
2024-11-23,0.7
2024-11-23,0.275
2024-11-23,0.000872467
2024-11-23,-0.1
2024-11-23,-0.00590278
2024-11-23,-0.0533333
2024-11-23,0.0369048
2024-11-23,-0.0982094
2024-11-23,0.175
2024-11-23,0.244643
2024-11-23,0.0893939
2024-11-23,0.379545
2024-11-23,0.248366
2024-11-23,0.217361
2024-11-23,0.362716
2024-11-23,-0.6
2024-11-23,0.176282
2024-11-23,0.226042
2024-11-23,0.12
2024-11-23,0.183333
2024-11-23,0.186364
2024-11-23,0.0416667
2024-11-23,-0.0124084
2024-11-23,0.0733333
2024-11-23,-0.225
2024-11-23,0.176352
2024-11-23,0.133333
2024-11-23,0.230789
2024-11-23,0.3
2024-11-23,0.2
2024-11-23,0.319444
2024-11-23,-0.205
2024-11-23,0.0608333
2024-11-23,-0.3275
2024-11-23,-0.4
2024-11-23,0.121795
2024-11-23,0.166684
2024-11-23,-0.37
2024-11-23,-0.0894444
2024-11-23,0.148571
2024-11-23,0.225641
2024-11-23,-0.325
2024-11-23,0.21456
2024-11-23,-0.025
2024-11-23,0.20142
2024-11-23,-0.525
2024-11-23,0.05
2024-11-23,0.5
2024-11-23,0.0375
2024-11-23,-0.166667
2024-11-23,0.268056
2024-11-23,0.123843
2024-11-23,0.0217932
2024-11-23,0.0348485
2024-11-23,0.211735
2024-11-23,0.6
2024-11-23,0.15
2024-11-23,0.193939
2024-11-23,0.125
2024-11-23,-0.0875
2024-11-23,0.155114
2024-11-23,-0.0141026
2024-11-23,0.0567308
2024-11-23,0.38
2024-11-23,0.371429
2024-11-23,0.178054
2024-11-23,0.0336364
2024-11-23,0.0417184
2024-11-23,0.1
2024-11-23,-0.108532
2024-11-23,0.0333333
2024-11-23,-0.265278
2024-11-23,0.1625
2024-11-23,0.0616162
2024-11-23,-0.0130303
2024-11-23,0.0190909
2024-11-23,-0.0215317
2024-11-23,0.193248
2024-11-23,0.182149
2024-11-23,0.277667
2024-11-23,0.25
2024-11-23,-0.145833
2024-11-23,0.316071
2024-11-23,0.8
2024-11-23,-0.0587302
2024-11-23,-0.00555556
2024-11-23,0.0298611
2024-11-23,0.208333
2024-11-23,0.0302721
2024-11-23,0.167682
2024-11-23,-0.0619048
2024-11-23,0.0266667
2024-11-23,0.16624
2024-11-23,0.159352
2024-11-23,0.144737
2024-11-23,0.0777778
2024-11-23,0.35
2024-11-23,0.0804545
2024-11-23,-0.0322431
2024-11-23,0.13
2024-11-23,0.166667
2024-11-23,0.242857
2024-11-23,0.278125
2024-11-23,0.338667
2024-11-23,0.0943357
2024-11-23,-0.05
2024-11-23,0.12215
2024-11-23,0.233333
2024-11-23,0.142273
2024-11-23,0.525
2024-11-23,-0.7
2024-11-23,0.140985
2024-11-23,0.333333
2024-11-23,-0.0744898
2024-11-23,-0.0827273
2024-11-23,0.338961
2024-11-23,0.278788
2024-11-23,-0.266667
2024-11-23,0.00808081
2024-11-23,0.379167
2024-11-23,-0.062037
2024-11-23,0.035
2024-11-23,0.0666667
2024-11-23,0.0458333
2024-11-23,0.220833
2024-11-23,-0.5
2024-11-23,-0.13125
2024-11-23,-0.20625
2024-11-24,-0.08
2024-11-24,-0.287879
2024-11-24,0.103125
2024-11-24,-0.075
2024-11-24,-0.00462963
2024-11-24,-0.166667
2024-11-24,0.315972
2024-11-24,0.283333
2024-11-23,-0.2
2024-11-23,-0.216667
2024-11-23,0.0555556
2024-11-23,0.625
2024-11-24,0.127728
2024-11-23,0.259091
2024-11-23,-0.425
2024-11-23,0.158333
2024-11-23,0.148864
2024-11-23,0.128571
2024-11-23,0.08367
2024-11-23,0.213695
2024-11-23,0.390023
2024-11-23,0.119388
2024-11-22,0.8
2024-11-18,0.4
2024-11-17,-0.0785714
2024-11-16,0.0
2024-11-16,0.386667
2024-11-15,0.0
2024-11-15,0.05
2024-11-15,-0.1
2024-11-15,0.35
2024-11-14,-0.08125
2024-11-14,0.1875
2024-11-14,0.0
2024-11-13,0.433333
2024-11-13,0.5
2024-11-12,-0.0666667
2024-11-12,0.0
2024-11-12,-0.125
2024-11-12,0.5
2024-11-12,0.8
2024-11-11,0.336667
2024-11-11,-0.13125
2024-11-11,0.142857
2024-11-11,0.4
2024-11-11,-0.25
2024-11-11,0.55
2024-11-11,-0.133333
2024-11-10,-0.5
2024-11-10,-0.15
2024-11-10,0.35
2024-11-10,0.0
2024-11-10,-0.3
2024-11-10,-0.0666667
2024-11-10,-0.08
2024-11-09,0.0
2024-11-09,0.2
2024-11-09,0.5
2024-11-09,-0.5
2024-11-09,0.1875
2024-11-08,-0.166667
2024-11-08,0.266667
2024-11-08,0.1
2024-11-07,0.0
2024-11-07,0.6
2024-11-07,-0.1375
2024-11-07,0.28
2024-11-06,0.0
2024-11-06,0.04375
2024-11-05,0.0
2024-11-05,-0.2
2024-11-05,0.0681818
2024-11-04,0.122222
2024-11-04,0.0
2024-11-03,0.0
2024-11-02,0.0
2024-11-02,0.05
2024-11-02,0.216667
2024-11-02,0.45
2024-11-01,0.0232143
2024-11-01,0.136111
2024-11-01,-0.6
2024-11-01,-0.05
2024-11-01,0.425
2024-11-01,0.0
2024-10-31,0.0
2024-10-31,0.136364
2024-10-31,0.6
2024-10-31,0.0611111
2024-10-30,0.3
2024-10-30,0.25
2024-10-30,0.1
2024-10-30,0.216667
2024-10-30,-0.0542857
2024-10-30,0.0
2024-10-30,0.18125
2024-10-30,-0.195833
2024-10-30,0.0661255
2024-10-30,0.35
2024-10-30,0.15
2024-10-30,0.467273
2024-10-30,-0.8
2024-10-30,0.0666667
2024-10-30,0.175
2024-10-30,0.383333
2024-10-30,0.136364
2024-10-30,0.2
2024-10-30,-0.425
2024-10-30,0.388889
2024-10-30,0.166667
2024-10-30,0.5
2024-10-30,0.0681818
2024-10-30,0.8
2024-10-30,0.0625
2024-10-30,-0.0416667
2024-10-30,0.7
2024-10-30,-0.25
2024-10-30,-0.275
2024-10-29,0.2125
2024-10-29,-0.155556
2024-10-29,0.2
2024-10-29,0.228571
2024-10-29,0.0
2024-10-29,-0.2
2024-10-29,0.7
2024-10-29,0.6
2024-10-29,0.35
2024-10-29,0.166667
2024-10-29,0.0987879
2024-10-29,0.516667
2024-10-29,-0.139506
2024-10-29,0.375
2024-10-29,-0.05
2024-10-29,0.5
2024-10-29,0.325
2024-11-21,0.0545455
2024-11-14,0.184809
2024-11-23,0.263889
2024-11-22,-0.0625
2024-11-21,0.0181818
2024-11-21,-0.2
2024-11-21,0.45
2024-11-20,0.7
2024-11-20,0.275
2024-11-20,-0.233333
2024-11-20,-0.0110017
2024-11-20,0.1875
2024-11-20,-0.0972222
2024-11-20,0.193036
2024-11-19,0.2875
2024-11-19,0.226667
2024-11-19,0.269231
2024-11-19,1.0
2024-11-19,0.1
2024-11-19,-0.6
2024-11-19,0.15697
2024-11-24,0.0230769
2024-11-24,0.00568182
2024-11-24,0.168827
2024-11-24,0.21
2024-11-24,-0.28125
2024-11-24,0.0914286
2024-11-23,-0.25
2024-11-23,-0.15
2024-11-23,-0.0833333
2024-11-23,0.206944
2024-11-23,0.0479365
2024-11-23,0.566667
2024-11-17,0.15
2024-11-16,0.216667
2024-11-15,0.1
2024-11-15,-0.103571
2024-11-14,0.263492
2024-11-14,0.1
2024-11-11,-0.333333
2024-11-11,0.291667
2024-11-21,0.187755
2024-11-21,0.0833333
2024-11-18,0.101212
2024-11-16,-0.0110119
2024-11-16,0.1875
2024-11-16,-0.05
2024-11-15,0.108333
2024-11-15,0.0416667
2024-11-15,0.0321429
2024-11-15,0.217143
2024-11-15,0.0575898
2024-11-15,-0.0777778
2024-11-15,0.16
2024-11-15,0.5
2024-11-15,0.3
2024-11-15,0.188889
2024-11-15,0.8
2024-11-15,-0.098125
2024-11-15,-0.20625
2024-11-15,-0.00863095
2024-11-15,0.0666667
2024-11-15,-0.2
2024-11-15,0.157143
2024-11-15,-0.03125
2024-11-15,0.0288889
2024-11-15,0.135
2024-11-15,0.25
2024-11-15,0.558333
2024-11-15,0.15
2024-11-15,0.05625
2024-11-15,-0.101111
2024-11-15,0.0340278
2024-11-15,0.0794359
2024-11-15,-0.308333
2024-11-15,0.225
2024-11-15,0.43
2024-11-15,-0.15
2024-11-15,0.145233
2024-11-15,-0.05
2024-11-23,0.0166667
2024-11-23,-0.0151515
2024-11-23,0.366667
2024-11-22,0.425
2024-11-22,0.35
2024-11-22,-0.15
2024-11-22,0.6
2024-11-22,-0.5
2024-11-22,0.0508117
2024-11-22,0.106061
2024-11-22,0.0886364
2024-11-22,0.30843
2024-11-09,-0.05
2024-11-08,0.0
2024-11-04,0.166667
2024-11-02,0.55
2024-11-01,0.4
2024-10-31,-0.0319048
2024-10-31,-0.321212
2024-10-31,0.178571
2024-10-31,0.5
2024-10-31,0.161111
2024-10-30,0.104004
2024-10-30,0.252727
2024-10-30,0.258333
2024-11-23,0.56
2024-11-24,0.3
2024-11-23,0.167857
2024-11-23,0.45
2024-11-23,0.074359
2024-11-23,0.076025
2024-11-23,-0.0575758
2024-11-23,0.466667
2024-11-23,0.0111111
2024-11-23,-0.0302222
2024-11-23,0.370455
2024-11-23,0.0942149
2024-11-23,0.0714286
2024-11-23,0.030507
2024-11-23,-0.154687
2024-11-23,-0.0671429
2024-11-23,0.119643
2024-11-23,0.0692308
2024-11-23,0.11
2024-11-23,-0.1875
2024-11-23,0.152803
2024-11-23,0.0327161
2024-11-17,0.308333
2024-11-16,0.22057
2024-11-15,0.3875
2024-11-14,0.5
2024-11-14,0.255556
2024-11-14,-0.02
2024-11-14,-0.00833333
2024-11-13,-0.208333
2024-11-13,0.0194444
2024-11-13,0.102692
2024-11-13,0.142857
2024-11-13,-0.132323
2024-11-13,0.275
2024-11-13,0.225
2024-11-13,-0.0357143
2024-11-13,0.15
2024-11-12,0.0585317
2024-11-12,0.516667
2024-11-12,0.139826
2024-11-12,0.0621212
2024-11-12,0.152778
2024-11-12,0.333333
2024-11-12,0.122
2024-11-12,0.307143
2024-11-12,0.3
2024-11-12,0.191667
2024-11-12,0.107143
2024-11-12,0.55
2024-11-12,0.09375
2024-11-12,0.1375
2024-11-12,-0.5
2024-11-12,0.221591
2024-11-12,-1.0
2024-11-12,0.05
2024-11-12,0.104487
2024-11-12,0.161111
2024-10-28,-0.714286
2024-10-26,0.4
2024-10-26,0.366667
2024-11-16,0.025
2024-11-13,0.6
2024-11-10,0.319048
2024-11-10,1.0
2024-11-10,-0.45
2024-11-10,0.0416667
2024-11-10,-0.7
2024-11-10,-0.6
2024-11-10,0.568182
2024-11-10,0.0872159
2024-11-10,0.1875
2024-11-09,0.25
2024-11-09,-0.0620942
2024-11-09,0.222222
2024-11-09,-0.0333333
2024-11-09,0.159091
2024-11-09,0.6
2024-11-23,0.118441
2024-11-23,-0.8
2024-11-23,0.0877976
2024-11-22,0.158333
2024-11-22,-0.19303
2024-11-22,0.0184167
2024-11-22,0.241667
2024-11-22,0.25
2024-11-22,0.125
2024-11-22,0.3
2024-11-21,0.0486392
2024-11-21,-0.166667
2024-11-21,0.00378788
2024-11-20,0.00388258
2024-11-20,0.129167
2024-11-20,-0.0625
2024-11-20,0.160296
2024-11-20,-0.229167
2024-11-20,0.335714
2024-11-20,0.1
2024-11-20,-0.0875
2024-11-20,0.174026
2024-11-19,0.0661905
2024-11-19,-0.0718384
2024-11-19,-0.187932
2024-11-19,0.0693616
2024-11-18,0.182727
2024-11-18,-0.25
2024-11-18,0.25
2024-11-18,0.0607143
2024-11-18,0.175
2024-11-17,0.210714
2024-11-17,0.0
2024-11-17,0.145507
2024-11-17,0.275
2024-11-17,-0.125
2024-11-17,0.357143
2024-11-17,0.3375
2024-11-17,0.25
2024-11-17,0.12642
2024-11-16,0.0107143
2024-11-16,-0.0488095
2024-11-16,0.3
2024-11-16,0.116667
2024-11-16,0.166667
2024-11-16,0.250824
2024-11-16,-0.25
2024-11-16,0.4
2024-11-16,0.1125
2024-11-16,-0.165909
2024-11-15,0.2625
2024-11-15,-0.452727
2024-11-15,-0.02
2024-11-15,0.2
2024-11-15,0.153306
2024-11-15,0.0741667
2024-11-15,0.65
2024-11-15,-0.0704545
2024-11-14,0.104545
2024-11-14,0.25
2024-11-14,0.433333
2024-11-14,0.07
2024-11-14,0.277778
2024-11-14,0.15
2024-11-14,0.318333
2024-11-14,0.214062
2024-11-14,0.225
2024-11-14,0.259091
2024-11-14,0.35
2024-11-14,0.197475
2024-11-14,0.188889
2024-11-14,-0.0159091
2024-11-14,-0.166667
2024-11-14,0.185714
2024-11-14,0.1633
2024-11-14,0.2
2024-11-14,0.308667
2024-11-14,0.0263889
2024-11-14,-0.3
2024-11-14,0.247556
2024-11-14,-0.21875
2024-11-14,0.4
2024-11-14,-0.216667
2024-11-13,0.224815
2024-11-13,-0.15
2024-11-13,0.0733333
2024-11-13,0.224545
2024-11-13,-0.133545
2024-11-13,0.375
2024-11-13,0.8
2024-11-13,-0.0534091
2024-11-13,-0.05
2024-11-13,0.24
2024-11-13,0.122619
2024-11-13,0.25
2024-11-13,-0.145833
2024-11-13,-0.0333333
2024-11-13,0.2125
2024-11-13,0.04
2024-11-13,0.135417
2024-11-13,0.124074
2024-11-13,0.2
2024-11-13,0.0845179
2024-11-13,0.165385
2024-11-13,0.0277778
2024-11-13,-0.25
2024-11-13,0.317172
2024-11-12,0.1
2024-11-12,0.125
2024-11-12,-0.0212121
2024-11-12,0.177564
2024-11-12,0.115938
2024-11-12,0.25
2024-11-12,0.314286
2024-11-12,-0.1
2024-11-12,0.0025
2024-11-12,0.147902
2024-11-12,-0.0825
2024-11-12,0.15
2024-11-12,0.133333
2024-11-12,0.127841
2024-11-11,0.0333333
2024-11-11,0.211111
2024-11-11,0.259375
2024-11-11,-0.0527273
2024-11-11,0.015
2024-11-11,0.2
2024-11-11,-0.0416667
2024-11-11,0.141026
2024-11-11,-0.275
2024-11-11,0.227778
2024-11-11,0.164722
2024-11-11,0.166667
2024-11-11,0.1
2024-11-11,0.247273
2024-11-11,0.0982143
2024-11-11,-0.1
2024-11-11,0.302137
2024-11-11,0.245833
2024-11-11,0.308333
2024-11-11,0.25
2024-11-11,0.267273
2024-11-11,-0.0365079
2024-11-11,0.267045
2024-11-11,0.46
2024-11-11,0.3625
2024-11-11,0.225
2024-11-11,-0.0239583
2024-11-11,-0.483333
2024-11-11,0.232576
2024-11-11,0.16
2024-11-11,0.3775
2024-11-11,0.0590909
2024-11-11,0.185636
2024-11-11,0.45
2024-11-11,0.141667
2024-11-10,-0.0165686
2024-11-10,-0.11
2024-11-10,0.25
2024-11-10,0.136364
2024-11-10,-0.0465909
2024-11-10,0.2375
2024-11-10,0.109441
2024-11-10,-0.135714
2024-11-10,0.2
2024-11-10,-0.392857
2024-11-10,0.177778
2024-11-10,0.486667
2024-11-10,0.284428
2024-11-10,0.0298942
2024-11-10,0.1
2024-11-10,-0.170238
2024-11-10,0.3
2024-11-10,-0.0555556
2024-11-10,0.27619
2024-11-10,0.208566
2024-11-10,0.125429
2024-11-10,0.112121
2024-11-10,-0.0183333
2024-11-10,0.0259259
2024-11-10,0.0547619
2024-11-10,0.5375
2024-11-10,0.325
2024-11-10,0.06625
2024-11-10,0.0116667
2024-11-10,-0.2
2024-11-10,0.12803
2024-11-10,-0.0982143
2024-11-10,0.0762626
2024-11-10,0.211111
2024-11-10,-0.0625
2024-11-10,-0.0277778
2024-11-10,-0.8
2024-11-10,0.03
2024-11-10,0.0861111
2024-11-10,0.092803
2024-11-10,-0.04
2024-11-10,0.333333
2024-11-10,0.53
2024-11-10,0.112222
2024-11-10,0.0630952
2024-11-10,0.1375
2024-11-10,0.233333
2024-11-10,0.14
2024-11-10,0.5
2024-11-10,-0.1125
2024-11-10,-0.229167
2024-11-10,0.123848
2024-11-10,-0.24
2024-11-10,0.18125
2024-11-10,0.266667
2024-11-10,0.0666667
2024-11-10,0.4
2024-11-10,0.366667
2024-11-10,0.105556
2024-11-10,0.283333
2024-11-10,-0.166667
2024-11-10,0.166667
2024-11-10,-0.216667
2024-11-09,0.34
2024-11-09,0.275
2024-11-09,0.8
2024-11-09,0.0493056
2024-11-09,-0.0322917
2024-11-09,-0.25
2024-11-09,0.264404
2024-11-09,0.0616162
2024-11-09,1.0
2024-11-09,0.107692
2024-11-09,-0.018
2024-11-09,0.175
2024-11-09,-0.4
2024-11-09,-0.133333
2024-11-09,-0.15
2024-11-09,0.202857
2024-11-09,0.271861
2024-11-09,0.125
2024-11-09,0.4
2024-11-09,0.167045
2024-11-09,-0.0989899
2024-11-09,0.35
2024-11-09,-0.0625
2024-11-09,0.1
2024-11-09,0.075
2024-11-09,0.0613598
2024-11-09,0.230425
2024-11-09,0.3
2024-11-09,-0.245139
2024-11-09,0.282857
2024-11-09,0.171429
2024-11-09,0.0292075
2024-11-09,-0.475
2024-11-09,0.193598
2024-11-09,-0.180952
2024-11-09,0.00689033
2024-11-09,0.0274621
2024-11-09,0.0442149
2024-11-09,0.54
2024-11-09,0.248411
2024-11-09,0.295455
2024-11-09,0.114268
2024-11-09,0.12672
2024-11-09,0.05625
2024-11-09,0.375897
2024-11-09,0.319192
2024-11-09,0.116667
2024-11-09,0.326786
2024-11-09,-0.185714
2024-11-09,0.0833333
2024-11-09,0.238095
2024-11-09,0.133333
2024-11-09,0.136364
2024-11-09,0.08175
2024-11-09,0.48
2024-11-09,0.2375
2024-11-09,0.14
2024-11-22,0.15
2024-11-22,0.128175
2024-11-22,-0.0383503
2024-11-22,0.183333
2024-11-22,0.219444
2024-11-22,0.283333
2024-11-22,-0.6
2024-11-13,-0.6
2024-11-01,0.06875
2024-10-29,-0.333333
2024-10-29,0.1
2024-10-28,0.8
2024-10-28,-0.0833333
2024-10-28,-0.15
2024-10-27,0.7
2024-10-27,0.2675
2024-10-27,-0.0777778
2024-10-27,-0.5
2024-10-27,0.5
2024-11-23,0.077803
2024-11-22,0.466667
2024-11-22,0.0573593
2024-11-13,0.233333
2024-11-12,-0.267857
2024-11-11,-1.0
2024-11-11,0.214286
2024-11-21,-0.151389
2024-11-20,0.178852
2024-11-20,-0.15625
2024-11-20,0.25
2024-11-20,0.025
2024-11-20,-0.137121
2024-11-20,0.0547619
2024-11-20,0.157857
2024-11-20,0.5
2024-11-20,-0.0689394
2024-11-19,0.7
2024-11-19,0.225
2024-11-19,0.367172
2024-11-19,0.0527778
2024-11-19,0.102778
2024-11-19,0.1625
2024-11-19,-0.1
2024-11-23,0.09
2024-11-23,0.0629487
2024-11-23,-0.055102
2024-11-23,-0.2125
2024-11-22,0.733333
2024-11-22,0.75
2024-11-22,0.22619
2024-11-22,0.190556
2024-11-22,0.214286
2024-11-22,0.416667
2024-11-22,0.0333333
2024-11-22,-0.4
2024-11-22,0.0407828
2024-11-24,-0.2
2024-11-24,0.4
2024-11-24,0.138333
2024-11-23,0.283333
2024-11-23,0.375
2024-11-23,0.293182
2024-11-23,0.0208333
2024-11-23,-0.431818
2024-11-23,0.104416
2024-11-23,0.216667
2024-11-23,1.0
2024-11-23,-0.120833
2024-11-23,-0.333333
2024-11-23,-0.291667
2024-11-22,0.0416667
2024-11-21,-0.24
2024-11-21,-0.0619048
2024-11-21,0.249802
2024-11-19,-0.4
2024-11-19,0.276531
2024-11-18,-0.003125
2024-11-18,-0.0576389
2024-11-17,0.125
2024-11-17,-0.25
2024-11-16,-0.025
2024-11-16,0.0801831
2024-11-16,-0.075
2024-11-14,0.125
2024-11-14,0.166667
2024-11-14,-0.0444444
2024-11-14,0.333333
2024-11-14,-0.0642045
2024-11-13,0.075
2024-11-13,0.219048
2024-11-12,0.345238
2024-11-12,-0.52
2024-11-12,0.65
2024-11-12,-0.4
2024-11-12,-0.05
2024-11-11,0.0387218
2024-11-11,-0.0625
2024-11-11,0.333333
2024-11-11,0.208333
2024-11-11,0.4125
2024-11-11,0.11875
2024-11-11,-0.075
2024-11-11,-0.116667
2024-11-11,0.128571
2024-11-11,-0.327778
2024-11-11,-0.2
2024-11-11,-0.0166667
2024-11-11,0.416667
2024-11-11,0.204378
2024-11-11,-0.244444
2024-11-10,0.55
2024-11-10,-0.25
2024-11-10,0.175
2024-11-10,-0.1
2024-11-10,-0.23
2024-11-10,0.00333333
2024-11-10,-0.06875
2024-11-10,-0.0726852
2024-11-10,0.00541667
2024-11-10,-0.0634259
2024-11-10,0.146667
2024-11-10,-0.14
2024-11-10,0.285714
2024-11-10,-0.313333
2024-11-10,-0.3125
2024-11-09,-0.125
2024-11-09,-0.0422727
2024-11-09,0.141071
2024-11-09,0.139394
2024-11-09,0.23
2024-11-09,0.0399306
2024-11-09,-0.1
2024-11-09,0.207143
2024-11-09,0.0966667
2024-11-09,0.0375
2024-11-09,-0.0544643
2024-11-09,-0.0107143
2024-11-09,0.28
2024-11-09,0.466667
2024-11-08,0.201042
2024-11-08,-1.38778e-17
2024-11-08,0.25
2024-11-08,-0.075
2024-11-08,0.462338
2024-11-08,-0.114286
2024-11-08,0.35
2024-11-08,0.0992727
2024-11-08,0.0677083
2024-11-07,0.214881
2024-11-07,0.3
2024-11-07,0.41875
2024-11-07,-0.029335
2024-11-07,0.4375
2024-11-07,-0.39
2024-11-07,0.0366667
2024-11-07,0.375926
2024-11-06,0.375
2024-11-06,0.113466
2024-11-06,0.4
2024-11-06,-0.0375
2024-11-05,0.0908163
2024-11-05,0.3
2024-11-05,0.181071
2024-11-05,0.0799499
2024-11-05,-0.0833333
2024-11-05,-0.03125
2024-11-05,0.65
2024-11-04,-0.0568182
2024-11-04,0.136364
2024-11-04,-0.0319444
2024-11-04,-0.111667
2024-11-04,-0.5
2024-11-04,0.0421875
2024-11-04,-0.175
2024-11-03,0.183333
2024-11-03,0.1875
2024-11-03,0.0765873
2024-11-03,-0.2225
2024-11-03,0.2125
2024-11-03,0.0321429
2024-11-03,0.25
2024-11-02,-0.0334166
2024-11-02,0.125
2024-11-02,0.192857
2024-11-02,0.325
2024-11-02,-0.0722403
2024-11-02,-0.26
2024-11-02,0.0929293
2024-11-02,-0.154167
2024-11-02,-0.5
2024-11-02,0.184659
2024-11-01,0.255556
2024-11-01,0.134091
2024-11-01,0.0342593
2024-11-01,-1.0
2024-11-01,0.116667
2024-11-01,-0.025
2024-11-01,-0.154545
2024-11-01,-0.1875
2024-11-01,0.0800926
2024-11-01,-0.325
2024-11-01,-0.0583333
2024-11-01,-0.333333
2024-11-01,0.55
2024-11-01,0.267143
2024-11-01,0.5
2024-10-31,-0.0214286
2024-10-31,-0.0222222
2024-10-31,-0.0244318
2024-10-31,-0.00648148
2024-10-31,0.425
2024-10-31,-1.0
2024-10-31,-0.087769
2024-10-31,-0.0327273
2024-10-31,0.266667
2024-10-31,0.085
2024-10-31,0.2
2024-10-31,-0.175625
2024-10-31,0.169762
2024-10-31,0.7
2024-10-31,0.140476
2024-10-30,0.179583
2024-10-30,-1.0
2024-10-30,0.0499556
2024-10-30,-0.03
2024-10-30,0.110714
2024-10-30,0.130303
2024-10-30,0.1625
2024-10-30,0.156591
2024-10-30,-0.5
2024-10-30,-0.188889
2024-10-30,0.184375
2024-10-30,0.31
2024-10-30,-0.0431818
2024-10-30,0.0555556
2024-10-30,0.214
2024-10-30,-0.1
2024-10-30,-0.000925926
2024-10-30,-0.15
2024-10-30,0.233333
2024-10-30,0.0333333
2024-10-30,0.0321429
2024-10-30,0.05
2024-10-30,0.225
2024-10-30,0.28
2024-10-30,-0.166667
2024-10-30,0.128595
2024-10-30,-0.125417
2024-10-30,0.08
2024-10-30,-0.8125
2024-10-30,0.230556
2024-10-30,-0.333333
2024-10-30,-0.175
2024-10-30,0.263095
2024-10-30,0.0276871
2024-10-30,0.0222222
2024-10-30,-0.00524691
2024-10-30,0.375
2024-10-30,0.0166667
2024-10-30,-0.116667
2024-10-30,0.368182
2024-10-30,-0.35
2024-10-30,0.167143
2024-10-30,-0.065
2024-10-30,0.196429
2024-10-30,-0.101786
2024-10-30,0.268182
2024-10-30,-0.1875
2024-10-30,0.0142857
2024-10-30,0.42
2024-10-30,-0.105556
2024-10-30,-0.025
2024-10-30,0.333333
2024-10-30,-0.0621212
2024-10-30,0.141667
2024-10-30,0.142727
2024-10-30,-0.0194444
2024-10-29,0.15
2024-10-29,0.19127
2024-10-29,0.166746
2024-10-29,0.333333
2024-10-29,0.478571
2024-10-29,-0.075
2024-10-29,0.185185
2024-10-29,0.25
2024-10-29,0.0416667
2024-10-29,0.525
2024-10-29,0.16
2024-10-29,-1.0
2024-10-29,-0.0722222
2024-10-29,-0.7
2024-10-29,0.106463
2024-10-29,0.0166667
2024-10-29,0.09
2024-10-29,0.366667
2024-10-29,-0.0130208
2024-10-29,0.175
2024-10-29,0.0688889
2024-10-29,0.156581
2024-10-29,0.262338
2024-10-29,0.00959596
2024-10-29,-0.0208333
2024-10-29,0.111111
2024-10-29,-0.154762
2024-10-29,-0.06
2024-10-29,0.286111
2024-10-29,-0.0220833
2024-10-29,0.285714
2024-10-29,0.156566
2024-10-29,-0.291667
2024-10-29,0.0111111
2024-10-29,0.0875
2024-10-29,-0.15
2024-10-29,0.382284
2024-10-29,0.275
2024-10-29,0.0121212
2024-10-29,-0.8
2024-10-29,-0.0173504
2024-10-29,-0.161458
2024-10-29,0.192543
2024-10-29,0.03
2024-10-29,0.4
2024-10-29,0.0440476
2024-10-29,0.0781746
2024-10-29,-0.0880682
2024-10-29,-0.3
2024-10-29,0.135417
2024-10-29,0.0288889
2024-10-29,-0.09375
2024-10-29,0.112121
2024-10-29,-0.0555556
2024-10-29,-0.4
2024-10-29,0.180388
2024-10-29,0.183333
2024-10-29,-0.215
2024-10-29,-0.0101852
2024-10-29,-0.216667
2024-10-29,-0.138426
2024-10-29,-0.371875
2024-10-29,-0.225
2024-10-29,0.1125
2024-10-29,0.2375
2024-10-29,-0.2875
2024-10-29,0.369444
2024-10-29,-0.0458333
2024-10-29,-0.0666667
2024-10-29,0.125
2024-10-29,0.29
2024-10-29,0.0809524
2024-10-29,0.0666667
2024-10-29,0.331412
2024-10-29,0.216667
2024-10-29,0.0135848
2024-10-29,0.0569226
2024-10-29,-0.0194444
2024-10-29,0.00625
2024-10-29,-0.015625
2024-10-29,0.3
2024-10-29,0.075
2024-10-29,-0.0787879
2024-10-29,0.0307018
2024-10-29,0.157143
2024-10-29,0.0714286
2024-10-29,-0.166667
2024-10-29,-0.0777778
2024-10-29,0.08
2024-10-29,0.00290179
2024-10-29,-0.0567424
2024-10-29,0.269444
2024-10-29,-0.0533333
2024-10-29,0.152041
2024-10-29,-0.025
2024-10-29,-0.416667
2024-10-29,0.0808333
2024-10-29,0.0333333
2024-10-29,-0.169792
2024-10-29,0.258333
2024-10-29,-0.101389
2024-10-29,0.0287037
2024-10-29,-0.0432359
2024-10-29,0.291667
2024-10-29,0.05
2024-10-29,-0.199038
2024-10-29,0.346591
2024-10-29,-0.266667
2024-10-29,-0.6
2024-10-29,0.147721
2024-10-29,-0.308333
2024-10-29,0.0555556
2024-10-29,-0.0357639
2024-10-29,0.0848485
2024-10-29,0.353154
2024-10-29,0.0911364
2024-10-29,0.308333
2024-10-29,0.032173
2024-10-29,0.127273
2024-10-29,-0.0222222
2024-10-29,0.235
2024-10-29,-0.35
2024-10-29,-0.04375
2024-10-29,-0.143434
2024-10-29,5.55112e-17
2024-10-29,0.116667
2024-10-29,0.214286
2024-10-29,-0.0590909
2024-10-29,0.108333
2024-10-29,0.0590909
2024-10-29,0.311577
2024-10-29,0.75
2024-10-29,0.0625
2024-10-29,0.194444
2024-10-29,0.0518519
2024-10-29,0.28
2024-10-29,-0.213333
2024-10-29,0.01
2024-10-29,0.212121
2024-10-29,0.45
2024-10-29,-0.283333
2024-10-29,0.1875
2024-10-29,-0.125
2024-10-29,0.0132576
2024-10-29,-0.035
2024-10-29,0.242857
2024-10-29,0.142857
2024-10-29,0.475
2024-10-29,0.103125
2024-10-29,0.206667
2024-10-29,-0.06875
2024-10-29,0.234375
2024-10-29,-0.1
2024-10-29,0.136364
2024-10-29,0.179167
2024-11-24,0.209167
2024-11-23,0.0491919
2024-11-22,0.368889
2024-11-22,0.166667
2024-11-22,0.1625
2024-11-22,0.136364
2024-11-22,-0.0818182
2024-11-22,0.0139078
2024-11-22,-0.053125
2024-11-21,-0.0829545
2024-11-21,-0.146759
2024-11-21,-0.6
2024-11-21,0.233333
2024-11-21,0.175
2024-11-21,-0.118452
2024-11-21,0.125781
2024-11-21,0.328788
2024-11-21,1.0
2024-11-21,0.4
2024-11-21,0.5
2024-11-21,0.3875
2024-11-21,0.0359375
2024-11-21,0.177143
2024-11-21,0.136364
2024-11-21,-0.0145833
2024-11-21,0.183482
2024-11-21,0.216667
2024-11-21,0.25
2024-11-21,0.160606
2024-11-21,0.34375
2024-11-21,0.113095
2024-11-21,-0.375
2024-10-30,-0.0458333
2024-10-29,0.155682
2024-10-29,0.195455
2024-10-29,-0.5
2024-10-29,-0.405952
2024-10-29,0.0777778
2024-10-29,0.0229167
2024-10-29,0.3375
2024-10-29,-0.25
2024-11-22,0.0386905
2024-11-23,0.0681818
2024-11-22,0.5
2024-11-24,0.366429
2024-11-23,-0.00420212
2024-11-22,0.0666667
2024-11-22,0.0738095
2024-11-22,-0.05
2024-11-22,0.318182
2024-11-22,0.275
2024-11-22,-0.133333
2024-11-23,0.220707
2024-11-23,0.345185
2024-11-23,0.4875
2024-11-22,0.25625
2024-11-22,-0.7
2024-11-22,0.4775
2024-11-22,0.238095
2024-11-22,0.52
2024-11-22,0.12
2024-11-22,-0.1
2024-11-21,0.0566667
2024-11-21,0.188889
2024-11-21,0.306349
2024-11-21,-0.5
2024-11-21,-0.0111111
2024-11-21,0.0944156
2024-11-21,0.248052
2024-11-21,-0.65
2024-11-21,-0.052
2024-11-21,0.0981061
2024-11-21,0.0484848
2024-11-21,0.6
2024-11-20,0.01
2024-11-20,0.104167
2024-11-20,0.465
2024-11-20,-0.25
2024-11-20,0.8
2024-11-20,-0.7
2024-11-20,0.331481
2024-11-20,0.260714
2024-11-19,0.153333
2024-11-19,0.238095
2024-11-19,0.183226
2024-11-19,0.35
2024-11-19,0.12
2024-11-19,0.113889
2024-11-19,0.175
2024-11-19,0.133333
2024-11-19,0.22963
2024-11-19,0.0666667
2024-11-19,-0.0151515
2024-11-19,-0.102381
2024-11-19,0.0333333
2024-11-19,0.433333
2024-11-19,0.430195
2024-11-19,0.372902
2024-11-19,0.0133333
2024-11-19,0.2125
2024-11-19,0.0666964
2024-11-19,0.0479167
2024-11-19,0.138889
2024-11-19,-0.0666667
2024-11-19,0.55
2024-11-18,0.171429
2024-11-18,0.025
2024-11-18,0.2
2024-11-18,0.0439793
2024-11-18,-0.395
2024-11-18,0.333333
2024-11-18,0.375
2024-11-18,0.133333
2024-11-18,-0.0904762
2024-11-18,0.142857
2024-11-18,0.185227
2024-11-18,-0.3
2024-11-18,-0.4
2024-11-18,0.5
2024-11-18,0.377778
2024-11-18,0.2625
2024-11-18,0.223611
2024-11-18,0.117424
2024-11-18,-0.6
2024-11-18,0.167063
2024-11-18,0.250043
2024-11-18,-0.103571
2024-11-18,0.12
2024-11-18,0.207937
2024-11-18,0.0941667
2024-11-17,0.24
2024-11-17,-0.0295455
2024-11-17,0.0189394
2024-11-17,0.101465
2024-11-17,0.301845
2024-11-17,0.1
2024-11-17,0.453114
2024-11-17,-0.0650433
2024-11-17,-0.5
2024-11-17,0.059127
2024-11-17,0.156591
2024-11-17,0.5
2024-11-17,-0.0833333
2024-11-17,0.4
2024-11-17,-0.7
2024-11-17,0.6
2024-11-17,0.158333
2024-11-17,-0.3
2024-11-17,0.525
2024-11-17,0.433333
2024-11-17,0.666667
2024-11-17,0.32
2024-11-17,0.233333
2024-11-17,0.12963
2024-11-17,0.139167
2024-11-17,0.166667
2024-11-17,0.216111
2024-11-17,-0.3125
2024-11-17,0.36
2024-11-17,0.366667
2024-11-17,0.191234
2024-11-17,0.35
2024-11-17,0.268255
2024-11-17,0.228571
2024-11-17,0.188991
2024-11-17,0.202597
2024-11-16,0.05
2024-11-16,0.35
2024-11-16,0.45
2024-11-16,0.25
2024-11-16,0.5
2024-11-16,-0.138333
2024-11-16,0.341667
2024-11-16,0.65
2024-11-16,1.0
2024-11-16,-0.4
2024-11-16,-0.5
2024-11-16,0.212121
2024-11-16,0.243056
2024-11-16,0.75
2024-11-16,0.0333333
2024-11-16,0.1
2024-11-16,0.07375
2024-11-16,0.0895833
2024-11-16,0.271429
2024-11-16,0.24537
2024-11-16,0.0708016
2024-11-16,0.18
2024-11-16,0.725
2024-11-16,0.415
2024-11-16,0.39
2024-11-16,0.09375
2024-11-16,-0.1
2024-11-16,0.133333
2024-11-16,-0.208333
2024-11-16,-0.188889
2024-11-16,0.366667
2024-11-16,0.6
2024-11-16,0.15
2024-11-16,0.181459
2024-11-16,0.175
2024-11-16,0.156493
2024-11-16,0.8
2024-11-16,0.2
2024-11-16,0.222222
2024-11-16,0.1625
2024-11-16,-0.125
2024-11-15,0.138
2024-11-15,0.275
2024-11-15,0.36875
2024-11-15,0.259615
2024-11-15,0.675
2024-11-15,0.0363636
2024-11-15,-0.0433333
2024-11-15,0.259369
2024-11-15,-0.6
2024-11-15,0.383929
2024-11-15,-1.85037e-17
2024-11-15,0.195
2024-11-15,0.6
2024-11-15,0.084375
2024-11-15,-0.133333
2024-11-15,-0.85
2024-11-15,-0.35
2024-11-15,0.142857
2024-11-15,0.425
2024-11-15,0.375
2024-11-15,0.325
2024-11-15,0.135606
2024-11-15,0.137187
2024-11-15,0.0694444
2024-11-15,0.164286
2024-11-15,-0.090812
2024-11-15,0.153788
2024-11-15,0.733333
2024-11-15,0.75
2024-11-15,-0.5
2024-11-15,1.0
2024-11-15,-0.8
2024-11-15,0.175
2024-11-15,-1.0
2024-11-15,0.34375
2024-11-15,-0.166667
2024-11-15,0.205455
2024-11-15,0.55
2024-11-15,0.163636
2024-11-15,-0.0166667
2024-11-15,-0.0666667
2024-11-15,0.466667
2024-11-15,-0.01875
2024-11-15,0.4
2024-11-15,0.171429
2024-11-15,-0.155556
2024-11-15,-0.7
2024-11-15,0.18
2024-11-15,0.353636
2024-11-15,0.170714
2024-11-15,-0.28
2024-11-15,0.216667
2024-11-15,-0.0508838
2024-11-15,-0.00833333
2024-11-15,0.9
2024-11-15,0.103993
2024-11-15,0.158519
2024-11-15,0.163095
2024-11-15,0.445455
2024-11-15,0.0896184
2024-11-15,0.0681818
2024-11-15,0.351111
2024-11-15,0.347917
2024-11-15,0.305714
2024-11-15,0.245833
2024-11-15,0.048
2024-11-15,0.5125
2024-11-15,0.433333
2024-11-15,-0.0285714
2024-11-15,0.0594414
2024-11-15,0.134848
2024-11-15,0.133333
2024-11-15,0.1375
2024-11-15,-0.0416667
2024-11-15,-0.111574
2024-11-15,0.633333
2024-11-15,-0.65
2024-11-15,0.371333
2024-11-15,0.180808
2024-11-15,0.45
2024-11-15,-0.142857
2024-11-15,0.354545
2024-11-15,0.283766
2024-11-15,-0.025
2024-11-15,0.166667
2024-11-15,0.285714
2024-11-15,0.7
2024-11-15,-0.126389
2024-11-15,0.0652778
2024-11-15,0.233333
2024-11-15,0.24
2024-11-15,0.0108333
2024-11-15,-0.466667
2024-11-15,0.366667
2024-11-15,0.257576
2024-11-15,0.336715
2024-11-15,0.396429
2024-11-15,0.583333
2024-11-15,-0.189773
2024-11-15,-0.00416667
2024-11-15,0.248148
2024-11-15,0.3125
2024-11-15,0.0860311
2024-11-14,-0.188889
2024-11-14,0.191667
2024-11-14,0.154687
2024-11-14,0.141667
2024-11-14,0.258333
2024-11-14,0.138889
2024-11-14,0.7
2024-11-14,0.14
2024-11-14,0.0666667
2024-11-14,-0.25
2024-11-14,-0.5
2024-11-14,0.173611
2024-11-14,0.4875
2024-11-14,0.3
2024-11-14,0.176581
2024-11-14,-0.133333
2024-11-14,-0.04
2024-11-14,0.0336735
2024-11-14,0.45
2024-11-14,0.157305
2024-11-14,0.340476
2024-11-14,-0.0160606
2024-11-14,-0.0571429
2024-11-14,-0.266667
2024-11-14,0.366667
2024-11-14,-0.303571
2024-11-14,-0.333333
2024-11-14,0.173148
2024-11-14,-0.2
2024-11-14,-0.100758
2024-11-14,0.261905
2024-11-14,-0.583333
2024-11-14,0.3125
2024-11-14,0.575
2024-11-14,0.287037
2024-11-14,-0.08
2024-11-14,-0.115909
2024-11-14,0.285714
2024-11-14,-0.388889
2024-11-14,0.1625
2024-11-14,0.12227
2024-11-14,-0.125
2024-11-14,0.0447222
2024-11-14,-0.304167
2024-11-14,0.3875
2024-11-14,-0.0527273
2024-11-14,-0.9
2024-11-14,0.291667
2024-11-14,0.0555556
2024-11-14,-0.00740741
2024-11-14,-0.109524
2024-11-14,0.0181818
2024-11-14,0.250383
2024-11-14,0.308712
2024-11-14,0.20744
2024-11-14,0.209091
2024-11-14,0.08125
2024-11-14,0.0924107
2024-11-14,-0.291667
2024-11-14,0.1125
2024-11-14,0.155303
2024-11-14,-0.0277778
2024-11-14,0.2375
2024-11-14,0.257143
2024-11-14,0.135714
2024-11-14,0.25974
2024-11-14,-0.1875
2024-11-14,0.8
2024-11-14,0.493333
2024-11-14,-0.0625
2024-11-14,-0.1
2024-11-14,0.148333
2024-11-14,-0.145833
2024-11-14,0.186111
2024-11-14,0.055
2024-11-14,0.214286
2024-11-14,0.204082
2024-11-14,0.65
2024-11-14,0.156061
2024-11-14,0.0346939
2024-11-14,-0.285
2024-11-14,-0.0333333
2024-11-14,0.11947
2024-11-14,0.222222
2024-11-14,0.0714286
2024-11-14,0.266667
2024-11-14,0.163692
2024-11-14,-0.6
2024-11-14,0.025
2024-11-14,0.499464
2024-11-14,0.0954545
2024-11-14,-0.0257937
2024-11-14,0.52619
2024-11-14,0.134921
2024-11-14,0.12963
2024-11-14,-0.331818
2024-11-14,0.263636
2024-11-14,0.227273
2024-11-14,0.11875
2024-11-14,-0.15
2024-11-14,0.3525
2024-11-14,0.607273
2024-11-14,0.227778
2024-11-14,-0.025
2024-11-14,0.20625
2024-11-14,-0.7
2024-11-14,-0.155556
2024-11-14,0.160588
2024-11-14,0.85
2024-11-14,0.107659
2024-11-14,-0.132143
2024-11-14,0.10119
2024-11-14,0.221429
2024-11-14,-0.175
2024-11-14,0.19375
2024-11-14,0.0875
2024-11-14,0.233333
2024-11-14,0.133333
2024-11-14,0.416714
2024-11-14,0.363492
2024-11-14,0.03125
2024-11-14,-0.85
2024-11-14,0.075
2024-11-14,0.2625
2024-11-14,0.725
2024-11-14,0.18
2024-11-14,0.23
2024-11-14,0.369444
2024-11-14,0.0326705
2024-11-14,0.0246032
2024-11-14,0.64
2024-11-14,-0.221212
2024-11-14,0.4375
2024-11-14,0.0899332
2024-11-14,0.120833
2024-11-14,0.161111
2024-11-14,0.127778
2024-11-14,0.0444444
2024-11-14,-0.05
2024-11-14,-0.32
2024-11-14,0.458333
2024-11-14,0.375
2024-11-14,0.118182
2024-11-14,-0.116667
2024-11-14,0.318182
2024-11-24,0.13852
2024-11-18,0.368182
2024-11-18,0.33125
2024-11-18,0.232846
2024-11-18,0.280208
2024-11-18,0.233333
2024-11-17,-0.0555556
2024-11-17,0.124444
2024-11-17,-0.025
2024-11-17,-0.166667
2024-11-17,0.461111
2024-11-17,0.225
2024-11-17,0.113194
2024-11-17,-0.00465368
2024-11-17,-0.2
2024-11-16,0.34
2024-11-16,0.136364
2024-11-16,0.122667
2024-11-16,-0.3
2024-11-16,-0.155556
2024-11-16,0.175341
2024-11-16,-0.0166667
2024-11-16,0.196429
2024-11-16,0.148052
2024-11-16,0.18858
2024-11-16,-0.116667
2024-11-16,0.110417
2024-11-16,0.163258
2024-11-16,0.146747
2024-11-16,0.179167
2024-11-16,0.0881944
2024-11-16,0.1025
2024-11-16,-0.028125
2024-11-16,0.0838415
2024-11-22,-0.333333
2024-11-14,-0.35
2024-11-13,-0.216667
2024-11-11,-0.08125
2024-11-09,-0.0555556
2024-11-22,0.1125
2024-11-21,0.22
2024-11-19,0.179063
2024-11-19,0.125
2024-11-19,0.00727273
2024-11-19,0.0833333
2024-11-19,0.0572727
2024-11-19,-0.5
2024-11-18,0.266667
2024-11-18,0.312121
2024-11-24,0.371429
2024-11-23,0.464286
2024-11-23,-0.125
2024-11-22,0.00372475
2024-11-22,0.107143
2024-11-22,0.7
2024-11-22,0.14
2024-11-22,0.405556
2024-11-22,0.274074
2024-11-22,-0.325
2024-11-22,0.132143
2024-11-22,-0.0983333
2024-11-21,0.0987734
2024-11-21,0.14375
2024-11-21,-0.05
2024-11-21,0.259091
2024-11-21,0.238571
2024-11-21,0.3
2024-11-21,0.1
2024-11-21,0.8
2024-11-21,-0.155556
2024-11-21,0.525
2024-11-21,0.533333
2024-11-21,0.91
2024-11-21,-0.145833
2024-11-21,0.159091
2024-11-21,0.278788
2024-11-21,0.788889
2024-11-21,0.95
2024-11-21,0.025
2024-11-21,0.0642857
2024-11-21,0.275
2024-11-22,0.566667
2024-11-22,0.0277778
2024-11-21,0.375
2024-11-21,0.0166667
2024-11-21,0.166667
2024-11-21,-0.25
2024-11-21,0.075
2024-11-21,0.215278
2024-11-21,-0.15
2024-11-17,0.258333
2024-11-16,0.0666667
2024-11-15,0.0578512
2024-11-14,0.17
2024-11-14,0.069375
2024-11-14,0.194444
2024-11-14,0.04375
2024-11-14,0.26225
2024-11-14,-0.179167
2024-11-14,-0.075
2024-11-13,0.100667
2024-11-13,0.195833
2024-11-13,-0.142727
2024-11-13,0.174545
2024-11-13,0.192172
2024-11-13,0.0266667
2024-11-13,0.394643
2024-11-13,0.166667
2024-11-13,0.107576
2024-11-13,0.028125
2024-11-13,0.0584416
2024-11-22,0.155303
2024-11-21,0.372475
2024-11-17,0.0361111
2024-11-14,0.26381
2024-11-14,0.0609375
2024-11-14,0.05
2024-11-19,0.0340909
2024-11-07,-0.0111111
2024-11-06,-0.0833333
2024-11-06,0.371429
2024-11-06,0.475
2024-11-06,0.39
2024-11-06,0.5
2024-11-06,0.0787879
2024-11-06,0.55
2024-11-05,0.0787879
2024-11-05,0.125
2024-11-05,0.1
2024-11-05,0.25
2024-11-05,0.2875
2024-11-05,0.503333
2024-11-05,0.0944444
2024-11-05,0.216667
2024-11-05,-0.025
2024-11-05,0.15
2024-11-23,-0.105625
2024-11-22,-0.233333
2024-11-22,-0.188889
2024-11-22,-0.0397727
2024-11-22,0.0106481
2024-11-22,0.106731
2024-11-22,0.4
2024-11-22,-0.0833333
2024-11-22,0.16
2024-11-22,-0.0869048
2024-11-16,0.283333
2024-11-16,-0.0327381
2024-11-15,0.12
2024-11-13,-0.121212
2024-11-12,-0.375
2024-11-12,0.216667
2024-11-12,0.45
2024-11-03,0.133036
2024-11-02,0.5
2024-11-01,0.366667
2024-10-31,0.316667
2024-10-29,0.8
2024-10-28,-0.2
2024-10-28,0.162321
2024-11-15,-0.275
2024-11-13,-0.5
2024-11-13,0.0228571
2024-11-22,-0.0666667
